y_test,y_pred
0,0.4942474
1,0.5061924
1,0.5061924
1,0.5061924
1,0.5061924
0,0.4940265
1,0.5061924
1,0.5061924
0,0.4940265
1,0.5061924
