y_test,y_pred
1,0.5158204
0,0.5024195
1,0.5158204
0,0.5024195
0,0.502433
1,0.5146274
1,0.5158204
1,0.5158204
0,0.502433
0,0.502433
