y_test,y_pred
1,0.50320184
0,0.4904743
0,0.48716486
0,0.48716486
1,0.50320184
1,0.50320184
0,0.48716486
0,0.4904743
1,0.5009667
