y_test,y_pred
0,0.49412444
1,0.5004668
1,0.5004668
1,0.5004668
1,0.5019233
1,0.5019233
1,0.5019233
0,0.49412444
0,0.49072373
1,0.5004668
