y_test,y_pred
1,0.4969677
0,0.48698238
0,0.48698238
1,0.4969677
1,0.49994567
1,0.4969677
1,0.4969677
1,0.49994567
0,0.48698238
