y_test,y_pred
0,0.49476042
1,0.507655
1,0.5072738
1,0.507655
0,0.49476042
1,0.507655
0,0.49476042
1,0.5072738
0,0.49476045
0,0.49476045
