y_test,y_pred
0,0.49898475
0,0.49952373
0,0.49952373
1,0.507506
1,0.507506
1,0.507506
0,0.49952373
0,0.49898475
1,0.5103508
