y_test,y_pred
1,0.50798714
0,0.49459475
1,0.50798714
0,0.49459475
0,0.49459475
1,0.5050175
1,0.5050175
1,0.50798714
0,0.4936708
1,0.5050175
