y_test,y_pred
0,0.499466
1,0.5099946
1,0.5105184
1,0.5099946
0,0.5020099
1,0.5105184
0,0.499466
1,0.5105184
0,0.499466
0,0.5020099
