y_test,y_pred
1,0.5078475
1,0.50646245
0,0.49540624
1,0.50646245
1,0.50646245
0,0.49540624
1,0.50646245
1,0.5078475
1,0.50646245
